customer_id,sales,quantity,frequency,recency,inventory,churn,churn_risk
1,2500,5,12,30,100,0,0.42857143
2,1200,2,4,120,45,1,0.42857143
3,4300,8,20,10,180,0,0.42857143
4,800,1,2,250,20,1,0.42857143
5,3100,6,15,45,90,0,0.42857143
6,1500,3,6,160,35,1,0.42857143
7,5200,10,25,7,200,0,0.42857143
8,950,2,3,300,15,1,0.42857143
9,2700,5,13,60,75,0,0.42857143
10,3900,7,18,25,120,0,0.42857143
